-1197,-1289,-745,-1071,-792,-3,0,0,0,4,0
-1197,-1289,-745,-1071,-792,-3,0,0,0,4,0
-1197,-1289,-745,-1071,-793,-3,0,0,0,3,0
-1197,-1289,-744,-1071,-793,-4,0,0,0,2,0
-1197,-1289,-744,-1072,-793,-4,0,0,0,1,0
-1197,-1289,-744,-1072,-794,-4,1,0,0,0,0
-1197,-1289,-744,-1072,-794,-4,1,0,0,0,0
-1197,-1289,-744,-1072,-794,-4,1,0,0,0,0
-1197,-1289,-744,-1072,-794,-4,1,0,0,-1,0
-1198,-1289,-744,-1072,-793,-4,1,0,0,-1,0
-1198,-1289,-745,-1072,-792,-4,1,0,-1,-1,0
-1197,-1288,-745,-1072,-790,-5,1,0,-1,-2,0
-1197,-1288,-745,-1071,-788,-5,1,0,-1,-1,0
-1197,-1288,-745,-1071,-788,-5,1,0,-1,-1,0
-1197,-1289,-746,-1072,-788,-5,1,0,-1,-1,0
-1197,-1290,-747,-1072,-790,0,1,0,-1,0,0
-1197,-1291,-748,-1072,-791,0,1,0,-1,0,0
-1196,-1292,-748,-1072,-792,0,1,0,-1,0,0
-1196,-1292,-748,-1072,-792,0,1,0,-1,1,0
-1195,-1292,-748,-1072,-791,0,1,0,-1,1,0
-1194,-1291,-747,-1072,-790,0,0,-1,-1,1,0
-1193,-1291,-747,-1072,-789,0,0,-1,-1,1,0
-1193,-1290,-747,-1072,-788,1,0,-2,-1,0,0
-1193,-1290,-747,-1072,-788,1,0,-2,-1,0,0
-1193,-1290,-748,-1072,-789,2,0,-2,-1,0,0
-1193,-1290,-749,-1072,-789,2,0,-2,-1,1,0
-1193,-1290,-749,-1072,-789,3,0,-2,-1,1,0
-1193,-1290,-748,-1072,-788,3,0,-2,-1,1,0
-1193,-1290,-748,-1072,-788,3,0,-2,-1,2,0
-1193,-1290,-747,-1072,-788,4,0,-2,-1,2,0
-1194,-1290,-746,-1072,-789,4,0,-2,-1,2,0
-1194,-1290,-745,-1072,-791,4,0,-2,-1,2,0
-1195,-1291,-745,-1072,-793,4,0,-2,-1,2,0
-1195,-1291,-745,-1072,-794,3,0,-2,-1,2,0
-1195,-1291,-745,-1072,-794,3,0,-2,-1,2,0
-1195,-1291,-745,-1072,-794,3,0,-1,-1,1,0
-1195,-1291,-745,-1072,-793,3,0,-1,-1,1,0
-1194,-1291,-745,-1072,-791,2,0,0,-1,0,0
-1193,-1291,-744,-1071,-789,2,0,0,-1,0,0
-1193,-1290,-744,-1071,-787,2,0,0,-1,0,0
-1192,-1289,-744,-1070,-785,2,0,0,-1,0,0
-1192,-1288,-743,-1070,-784,2,0,0,-1,0,0
-1191,-1288,-742,-1070,-783,3,0,0,-1,0,0
-1192,-1288,-741,-1070,-784,3,0,0,0,1,0
-1192,-1288,-741,-1070,-784,4,0,1,0,3,0
-1192,-1289,-741,-1070,-785,4,0,1,0,4,0
-1193,-1289,-741,-1070,-785,4,1,1,0,5,0
-1193,-1290,-742,-1070,-786,5,1,2,0,6,0
-1194,-1291,-742,-1070,-788,5,1,2,0,6,0
-1195,-1291,-743,-1070,-791,5,1,3,0,6,0
-1196,-1292,-743,-1071,-795,4,1,3,0,6,0
-1197,-1293,-744,-1071,-798,4,1,3,0,5,0
-1197,-1292,-745,-1071,-799,3,0,3,0,4,0
-1196,-1292,-745,-1070,-798,3,0,2,0,2,0
-1195,-1291,-745,-1069,-796,2,0,2,0,0,0
-1194,-1290,-744,-1069,-793,2,0,2,0,-1,0
-1193,-1289,-744,-1068,-791,1,0,1,0,-2,0
-1192,-1289,-744,-1068,-790,1,0,1,0,-3,0
-1192,-1289,-744,-1068,-790,2,0,0,0,-4,0
-1192,-1290,-744,-1068,-791,2,0,0,0,-3,0
-1192,-1291,-744,-1068,-791,2,0,0,1,-3,0
-1192,-1291,-745,-1068,-790,3,0,0,1,-2,0
-1192,-1291,-745,-1067,-788,4,0,0,1,0,0
-1191,-1291,-745,-1067,-787,4,0,0,2,0,0
-1191,-1291,-745,-1067,-785,4,0,0,2,0,0
-1191,-1291,-745,-1067,-785,5,0,0,2,1,0
-1191,-1291,-744,-1067,-784,5,0,0,2,2,0
-1191,-1291,-743,-1067,-783,5,0,0,2,2,0
-1191,-1291,-743,-1068,-782,5,0,0,3,3,0
-1191,-1291,-743,-1068,-780,6,0,0,3,4,0
-1191,-1291,-743,-1068,-779,6,0,0,3,5,0
-1191,-1291,-744,-1068,-778,6,0,0,3,6,0
-1191,-1291,-744,-1069,-779,6,0,1,3,8,0
-1192,-1291,-745,-1070,-785,6,0,1,2,9,0
-1193,-1291,-745,-1071,-788,6,0,1,2,10,0
-1193,-1291,-745,-1071,-790,6,0,1,2,10,0
-1193,-1291,-745,-1070,-791,6,0,1,1,9,0
-1193,-1291,-745,-1070,-790,5,0,0,1,8,0
-1193,-1290,-745,-1069,-789,5,0,0,0,7,0
-1192,-1290,-744,-1068,-787,5,0,0,0,5,0
-1191,-1290,-744,-1068,-785,4,0,0,0,4,0
-1190,-1289,-743,-1067,-783,4,0,0,0,3,0
-1189,-1288,-743,-1068,-781,4,0,0,0,3,0
-1188,-1288,-744,-1068,-781,5,0,0,1,3,0
-1187,-1288,-744,-1068,-781,5,0,0,1,4,0
-1186,-1287,-744,-1068,-782,6,0,0,2,5,0
-1185,-1287,-744,-1067,-782,7,1,1,2,6,0
-1185,-1287,-744,-1066,-782,7,1,1,2,8,0
-1184,-1287,-743,-1065,-782,8,2,1,2,8,0
-1183,-1286,-742,-1064,-781,9,2,1,2,9,0
-1181,-1285,-741,-1062,-778,10,2,1,3,9,0
-1179,-1284,-740,-1061,-775,11,3,1,3,9,0
-1177,-1282,-739,-1059,-772,12,3,1,4,10,0
-1174,-1281,-737,-1057,-767,13,4,2,5,10,0
-1170,-1279,-735,-1055,-762,14,4,2,6,12,0
-1165,-1277,-733,-1052,-756,16,5,3,7,13,0
-1159,-1275,-731,-1048,-750,18,6,5,9,16,0
-1151,-1272,-728,-1043,-743,20,7,6,11,19,0
-1142,-1269,-725,-1038,-735,24,9,7,13,23,0
-1131,-1265,-721,-1032,-725,28,11,9,15,28,0
-1117,-1260,-716,-1025,-713,33,13,11,18,33,0
-1102,-1255,-710,-1017,-699,39,15,14,22,40,0
-1085,-1250,-703,-1006,-682,46,18,17,26,47,0
-1066,-1244,-694,-994,-660,55,21,20,31,55,0
-1047,-1237,-683,-980,-634,66,25,24,38,66,0
-1030,-1230,-670,-965,-601,78,29,29,45,78,0
-1017,-1223,-654,-948,-564,92,34,35,53,92,0
-1010,-1217,-634,-931,-524,107,39,42,63,110,0
-1012,-1212,-611,-915,-485,122,44,51,74,131,0
-1022,-1208,-585,-902,-452,137,50,62,87,156,0
-1039,-1208,-554,-893,-430,150,56,75,100,184,0
-1060,-1211,-522,-890,-423,160,62,90,114,215,0
-1083,-1216,-492,-894,-435,166,68,109,128,246,0
-1104,-1223,-472,-905,-466,167,72,130,141,276,0
-1122,-1232,-468,-921,-510,163,74,154,152,301,0
-1136,-1241,-483,-941,-563,154,75,178,160,318,0
-1147,-1249,-517,-963,-615,140,74,201,163,325,0
-1155,-1255,-561,-984,-660,124,71,220,162,321,0
-1161,-1261,-606,-1002,-695,107,67,233,156,304,0
-1166,-1266,-645,-1016,-719,91,61,237,146,278,0
-1169,-1270,-674,-1027,-734,76,54,230,132,245,0
-1171,-1273,-692,-1034,-744,63,47,215,117,207,0
-1173,-1275,-703,-1039,-750,52,40,191,100,170,0
-1174,-1277,-709,-1042,-753,44,34,163,84,135,0
-1176,-1278,-713,-1044,-756,37,29,133,69,106,0
-1177,-1278,-716,-1046,-758,32,24,105,57,83,0
-1178,-1279,-717,-1047,-758,29,21,81,47,65,0
-1178,-1279,-719,-1048,-758,26,18,62,39,53,0
-1179,-1280,-720,-1049,-759,24,16,49,33,45,0
-1179,-1280,-721,-1050,-759,22,14,40,29,40,0
-1180,-1281,-723,-1051,-760,21,13,34,26,37,0
-1180,-1281,-725,-1052,-762,20,12,30,24,35,0
-1181,-1282,-726,-1053,-764,19,11,27,23,33,0
-1181,-1282,-728,-1054,-767,19,10,25,22,32,0
-1182,-1283,-730,-1054,-771,18,10,24,20,31,0
-1183,-1284,-732,-1055,-774,17,9,22,19,30,0
-1183,-1285,-733,-1056,-777,17,9,20,19,28,0
-1184,-1285,-734,-1057,-780,16,8,19,18,26,0
-1184,-1286,-735,-1059,-783,16,8,17,17,24,0
-1185,-1287,-736,-1061,-785,15,7,16,16,21,0
-1185,-1287,-737,-1062,-787,15,6,14,15,19,0
-1185,-1287,-737,-1063,-788,14,6,13,14,16,0
-1185,-1287,-738,-1064,-787,14,5,11,13,13,0
-1185,-1286,-738,-1064,-785,13,4,10,11,10,0
-1186,-1285,-738,-1064,-782,13,4,9,10,8,0
-1186,-1284,-737,-1063,-779,12,4,9,9,7,0
-1186,-1283,-738,-1062,-776,12,4,8,8,6,0
-1186,-1283,-738,-1062,-774,12,4,7,7,6,0
-1187,-1283,-739,-1062,-774,11,4,7,7,7,0
-1187,-1284,-740,-1062,-774,11,5,7,7,8,0
-1187,-1286,-740,-1063,-776,11,5,7,7,10,0
-1188,-1287,-741,-1063,-777,11,6,6,7,12,3
-1188,-1288,-742,-1064,-779,11,6,6,7,13,0
-1188,-1288,-743,-1064,-781,10,6,6,7,14,0
-1188,-1288,-743,-1064,-782,10,5,5,7,15,0
-1188,-1288,-744,-1065,-783,10,5,4,7,15,0
-1188,-1287,-744,-1064,-783,10,4,4,7,14,0
-1188,-1287,-744,-1064,-782,9,3,3,7,13,0
-1188,-1286,-744,-1064,-780,9,3,2,6,11,0
-1188,-1286,-744,-1063,-778,9,3,2,6,10,0
-1188,-1286,-745,-1063,-777,9,3,1,6,10,0
-1189,-1286,-745,-1064,-777,9,3,1,6,10,0
-1189,-1286,-746,-1065,-778,9,3,1,6,10,0
-1190,-1287,-746,-1066,-780,9,3,0,6,10,0
-1190,-1288,-747,-1067,-781,8,3,0,6,11,0
-1191,-1289,-747,-1067,-782,8,4,0,6,11,0
-1191,-1290,-747,-1068,-783,8,3,0,6,12,0
-1191,-1291,-747,-1069,-783,8,3,0,5,12,0
-1191,-1291,-747,-1069,-783,7,3,0,5,11,0
-1192,-1292,-747,-1069,-782,7,2,-1,4,11,0
-1192,-1291,-747,-1069,-781,6,1,-1,3,10,0
-1192,-1291,-747,-1069,-781,6,1,-1,3,9,0
-1192,-1290,-747,-1068,-781,6,0,-2,2,9,0
-1193,-1290,-747,-1068,-783,6,0,-2,2,9,0
-1193,-1290,-748,-1068,-785,5,0,-2,1,9,0
-1194,-1290,-748,-1068,-787,5,0,-2,1,9,0
-1194,-1290,-747,-1068,-787,5,0,-2,1,8,0
-1193,-1290,-747,-1068,-785,4,0,-2,2,8,0
-1193,-1289,-746,-1067,-782,4,0,-2,2,8,0
-1192,-1289,-745,-1066,-779,4,0,-2,2,7,0
-1192,-1289,-745,-1065,-778,4,0,-2,2,7,0
-1193,-1289,-745,-1065,-779,4,0,-2,3,7,0
-1193,-1290,-746,-1065,-781,4,0,-1,3,7,0
-1194,-1290,-746,-1066,-784,4,1,-1,3,8,0
-1195,-1291,-746,-1067,-786,4,1,-1,4,9,0
-1195,-1291,-746,-1068,-788,4,1,0,4,9,0
-1196,-1291,-746,-1069,-789,4,0,0,4,9,0
-1195,-1291,-746,-1069,-789,3,0,0,4,9,0
-1195,-1291,-746,-1068,-788,3,0,0,4,8,0
-1194,-1290,-746,-1067,-787,3,0,0,3,7,0
-1194,-1290,-746,-1066,-787,2,0,-1,3,5,0
-1194,-1290,-746,-1066,-788,2,0,-1,3,4,0
-1194,-1290,-746,-1066,-789,2,0,-1,2,4,0
-1195,-1290,-746,-1067,-790,2,0,-1,2,3,0
-1195,-1290,-746,-1067,-791,2,0,-1,3,3,0
-1195,-1290,-746,-1067,-790,2,0,0,3,3,0
-1195,-1289,-746,-1067,-787,2,0,0,3,3,0
-1194,-1289,-746,-1066,-785,2,0,0,3,2,0
-1194,-1288,-745,-1065,-781,2,0,0,3,2,0
-1193,-1288,-745,-1064,-778,2,0,0,3,3,0
-1193,-1287,-745,-1063,-776,2,1,0,4,3,0
-1193,-1287,-745,-1063,-775,2,1,0,4,4,0
-1193,-1287,-745,-1063,-775,3,1,0,4,6,0
-1193,-1287,-744,-1064,-776,3,1,0,5,8,0
-1193,-1287,-744,-1064,-776,3,2,0,5,10,0
-1194,-1288,-743,-1064,-777,3,2,0,6,12,0
-1194,-1288,-743,-1064,-777,3,2,0,6,13,0
-1194,-1289,-743,-1065,-777,4,3,0,6,14,0
-1194,-1290,-744,-1066,-779,4,3,0,6,15,0
-1195,-1291,-744,-1067,-781,3,2,0,6,15,0
-1195,-1292,-745,-1068,-784,3,2,1,6,14,0
-1195,-1293,-746,-1069,-786,3,2,1,5,14,0
-1195,-1293,-747,-1069,-788,3,1,1,5,13,0
-1195,-1293,-747,-1069,-789,2,0,0,4,11,0
-1195,-1292,-747,-1068,-788,2,0,0,3,10,0
-1195,-1292,-746,-1068,-786,2,0,0,3,8,0
-1194,-1291,-746,-1067,-784,2,-1,0,2,7,0
-1194,-1291,-745,-1067,-782,2,-1,0,2,6,0
-1194,-1290,-744,-1067,-780,2,-1,-1,2,5,0
-1194,-1290,-744,-1066,-779,2,-1,-1,2,5,0
-1194,-1290,-744,-1066,-778,2,-1,-1,2,5,0
-1194,-1290,-743,-1066,-778,2,-1,0,2,6,0
-1194,-1290,-743,-1066,-778,2,0,0,3,8,0
-1194,-1291,-743,-1066,-778,3,0,0,3,9,0
-1194,-1290,-743,-1066,-778,3,0,0,3,10,0
-1193,-1290,-743,-1066,-777,3,0,0,4,11,0
-1192,-1290,-743,-1065,-776,3,0,1,4,12,0
-1192,-1289,-743,-1065,-774,3,0,1,4,12,0
-1191,-1289,-742,-1064,-773,3,0,1,4,13,0
-1191,-1289,-742,-1064,-773,4,0,1,4,14,0
-1192,-1290,-742,-1064,-775,4,0,1,5,14,0
-1192,-1290,-742,-1064,-777,4,0,2,5,15,0
-1192,-1290,-742,-1064,-779,4,0,2,5,15,0
-1192,-1291,-742,-1064,-780,5,0,2,5,16,0
-1192,-1291,-742,-1064,-780,5,0,2,6,16,0
-1192,-1291,-743,-1064,-779,5,0,2,6,15,0
-1192,-1291,-743,-1064,-778,5,0,2,6,14,0
-1194,-1290,-749,-1071,-788,1,1,-2,-2,1,0
-1194,-1289,-750,-1070,-789,1,1,-2,-2,1,0
-1194,-1289,-750,-1070,-790,1,1,-2,-2,1,0
-1194,-1290,-751,-1070,-792,1,1,-2,-2,2,0
-1194,-1290,-751,-1070,-795,1,2,-2,-1,2,0
-1194,-1291,-751,-1070,-796,0,2,-2,-1,2,0
-1193,-1291,-751,-1070,-797,0,2,-2,-1,1,0
-1193,-1291,-751,-1069,-797,0,2,-2,-1,1,0
-1192,-1291,-751,-1069,-797,0,2,-3,-1,0,0
-1192,-1291,-751,-1069,-797,0,2,-3,-1,0,0
-1192,-1291,-751,-1069,-796,0,2,-3,0,-1,0
-1191,-1291,-750,-1069,-794,1,1,-3,0,-2,0
-1191,-1291,-750,-1069,-792,1,1,-3,0,-3,0
-1190,-1290,-750,-1069,-789,1,1,-3,0,-3,0
-1190,-1290,-750,-1069,-787,2,1,-3,0,-3,0
-1190,-1290,-750,-1069,-786,2,1,-3,0,-2,0
-1190,-1290,-750,-1069,-785,3,1,-3,0,-1,0
-1190,-1291,-750,-1069,-787,3,1,-3,0,0,0
-1191,-1291,-750,-1069,-789,3,1,-3,0,1,0
-1191,-1291,-750,-1070,-791,4,1,-3,0,2,0
-1191,-1291,-751,-1071,-794,4,1,-3,0,3,0
-1192,-1291,-752,-1072,-796,4,1,-3,0,4,0
-1192,-1291,-752,-1072,-797,4,1,-3,0,3,0
-1193,-1292,-752,-1072,-796,3,1,-3,0,2,0
-1193,-1291,-752,-1072,-795,3,1,-3,0,1,0
-1193,-1291,-750,-1071,-793,3,1,-3,-1,0,0
-1192,-1290,-749,-1071,-790,2,1,-4,-1,0,0
-1191,-1289,-748,-1070,-787,2,1,-4,-2,-1,0
-1191,-1288,-747,-1069,-783,2,1,-4,-2,-1,0
-1191,-1288,-748,-1069,-781,2,1,-3,-2,-1,0
-1191,-1288,-748,-1068,-780,2,1,-3,-1,0,0
-1192,-1289,-749,-1069,-780,2,2,-2,-1,1,0
-1192,-1290,-750,-1069,-781,2,2,-2,-1,3,0
-1193,-1290,-750,-1069,-782,2,3,-1,0,6,0
-1193,-1291,-750,-1070,-783,2,3,-1,0,7,0
-1192,-1291,-750,-1070,-784,2,3,-1,0,9,0
-1192,-1290,-750,-1069,-783,2,3,-1,0,10,0
-1191,-1290,-749,-1068,-781,2,2,-2,0,10,0
-1190,-1289,-749,-1067,-779,2,2,-2,0,10,0
-1189,-1289,-749,-1067,-777,2,2,-2,0,10,0
-1189,-1288,-749,-1067,-776,2,2,-2,0,10,0
-1189,-1289,-749,-1067,-778,3,2,-2,0,10,0
-1189,-1289,-750,-1068,-780,3,2,-2,0,11,0
-1190,-1290,-750,-1069,-782,3,2,-2,1,12,0
-1190,-1291,-750,-1069,-783,4,2,-2,1,12,0
-1191,-1292,-750,-1069,-783,4,3,-2,1,12,0
-1191,-1292,-750,-1069,-783,4,2,-2,1,12,0
-1192,-1292,-750,-1069,-784,4,2,-2,1,12,0
-1192,-1292,-750,-1068,-785,4,2,-2,1,11,0
-1192,-1291,-750,-1068,-786,4,1,-3,0,11,0
-1192,-1290,-750,-1067,-787,3,1,-3,0,10,0
-1192,-1290,-749,-1067,-786,3,1,-3,0,9,0
-1192,-1290,-749,-1067,-786,2,1,-2,1,7,0
-1193,-1290,-749,-1067,-788,2,1,-2,1,7,0
-1193,-1290,-749,-1068,-789,2,1,-2,1,6,0
-1193,-1291,-749,-1069,-790,2,1,-2,1,6,0
-1193,-1291,-749,-1069,-791,2,2,-2,1,5,0
-1193,-1291,-750,-1069,-790,1,2,-2,1,5,0
-1193,-1291,-750,-1069,-790,1,2,-2,1,4,0
-1192,-1291,-749,-1068,-788,1,2,-2,1,3,0
-1191,-1291,-749,-1068,-786,1,1,-2,1,3,0
-1190,-1290,-749,-1068,-785,1,1,-2,0,3,0
-1190,-1290,-749,-1068,-785,1,1,-2,0,3,0
-1190,-1290,-749,-1068,-786,1,1,-2,0,3,0
-1191,-1291,-749,-1069,-787,2,1,-2,0,3,0
-1191,-1290,-750,-1069,-788,2,1,-2,0,4,0
-1192,-1290,-749,-1069,-787,3,1,-2,0,5,0
-1191,-1290,-748,-1068,-786,3,1,-2,1,5,0
-1191,-1289,-748,-1067,-784,3,1,-2,1,5,0
-1191,-1289,-747,-1066,-784,3,2,-2,1,5,0
-1191,-1289,-747,-1065,-784,3,2,-1,1,5,0
-1190,-1289,-747,-1065,-785,3,2,-1,1,6,0
-1190,-1290,-747,-1065,-785,3,2,-1,1,6,0
-1190,-1290,-747,-1065,-786,3,2,-1,2,6,0
-1190,-1290,-747,-1065,-787,3,2,-1,2,7,0
-1190,-1290,-746,-1065,-788,3,3,0,2,7,0
-1189,-1291,-746,-1065,-789,3,2,0,3,7,0
-1189,-1291,-746,-1065,-790,4,2,0,3,6,0
-1188,-1290,-746,-1065,-789,4,2,0,3,6,0
-1188,-1290,-746,-1065,-787,4,2,0,3,5,0
-1187,-1290,-745,-1064,-785,4,2,0,3,5,0
-1186,-1289,-744,-1064,-783,5,2,0,3,4,0
-1185,-1288,-744,-1063,-782,5,2,0,3,4,0
-1185,-1288,-744,-1063,-782,6,2,1,4,4,0
-1184,-1288,-744,-1063,-784,6,2,1,4,5,0
-1184,-1287,-744,-1063,-786,7,2,1,4,6,0
-1184,-1287,-744,-1063,-787,8,3,2,5,7,0
-1183,-1287,-744,-1063,-787,8,3,2,5,7,0
-1181,-1286,-744,-1062,-785,9,3,2,5,8,0
-1179,-1286,-743,-1061,-782,9,4,2,6,8,0
-1177,-1284,-742,-1059,-778,10,4,3,6,7,0
-1174,-1283,-741,-1057,-773,11,5,3,6,7,0
-1172,-1282,-740,-1055,-768,12,5,3,7,8,0
-1169,-1280,-739,-1053,-764,13,6,3,7,9,0
-1166,-1279,-738,-1050,-760,15,6,4,8,11,0
-1163,-1277,-737,-1048,-758,17,7,4,10,14,0
-1159,-1276,-736,-1045,-756,19,8,5,11,17,0
-1154,-1274,-735,-1042,-754,21,10,6,13,21,0
-1149,-1273,-733,-1040,-752,24,11,7,15,24,0
-1144,-1272,-731,-1037,-749,27,12,8,18,28,0
-1138,-1270,-729,-1034,-746,31,14,9,20,31,0
-1131,-1269,-727,-1031,-741,35,15,11,23,34,0
-1124,-1268,-724,-1026,-734,39,17,12,25,37,0
-1115,-1266,-721,-1019,-724,43,18,13,28,40,0
-1106,-1263,-717,-1012,-712,49,19,15,31,43,0
-1096,-1260,-712,-1003,-699,55,21,17,35,47,0
-1088,-1258,-707,-994,-685,61,22,20,39,53,0
-1080,-1255,-702,-984,-670,68,24,22,43,59,0
-1075,-1252,-695,-975,-654,76,26,26,49,68,0
-1071,-1248,-687,-965,-637,84,28,29,56,78,0
-1071,-1245,-677,-955,-620,92,31,34,63,90,0
-1073,-1242,-666,-947,-605,99,33,39,72,103,0
-1078,-1240,-654,-940,-593,106,36,44,80,117,0
-1085,-1239,-641,-935,-584,111,39,51,89,131,0
-1095,-1239,-628,-933,-581,115,42,59,98,146,0
-1105,-1241,-615,-933,-582,116,44,68,107,161,0
-1115,-1243,-604,-935,-588,115,47,78,114,174,0
-1125,-1245,-595,-940,-599,112,49,89,121,185,0
-1134,-1248,-590,-948,-615,107,50,100,126,193,0
-1142,-1251,-590,-957,-633,101,50,111,129,197,0
-1148,-1254,-596,-969,-652,93,50,122,129,198,0
-1153,-1257,-608,-981,-672,84,48,132,128,195,0
-1158,-1259,-624,-993,-690,75,47,139,125,187,0
-1161,-1262,-643,-1004,-706,67,44,143,119,176,0
-1164,-1265,-661,-1013,-720,59,42,144,112,163,0
-1166,-1267,-677,-1021,-730,52,39,140,103,147,0
-1168,-1269,-689,-1026,-737,46,37,133,93,131,0
-1169,-1270,-698,-1030,-741,41,34,123,83,114,0
-1170,-1270,-703,-1032,-743,37,31,110,73,99,0
-1170,-1271,-707,-1034,-743,33,29,97,64,86,0
-1171,-1271,-710,-1035,-744,31,27,83,56,74,0
-1171,-1272,-712,-1037,-745,28,25,71,50,65,0
-1172,-1273,-715,-1039,-747,27,24,60,44,59,0
-1173,-1274,-717,-1041,-750,25,22,52,40,54,0
-1175,-1275,-719,-1042,-752,24,21,45,37,51,0
-1176,-1276,-720,-1043,-754,23,21,40,35,48,0
-1176,-1276,-721,-1044,-754,23,20,37,33,46,0
-1176,-1276,-721,-1045,-754,22,19,34,31,45,0
-1176,-1276,-721,-1045,-754,21,18,31,29,43,0
-1176,-1276,-722,-1045,-754,20,18,30,28,42,0
-1175,-1275,-723,-1045,-754,19,17,28,27,40,0
-1175,-1275,-724,-1045,-755,19,17,27,26,39,0
-1175,-1276,-725,-1046,-757,19,16,26,25,38,0
-1176,-1277,-726,-1047,-759,18,16,25,24,38,0
-1176,-1278,-728,-1048,-761,18,16,24,24,37,0
-1177,-1280,-728,-1050,-764,18,16,24,24,37,0
-1178,-1281,-729,-1050,-766,18,16,23,23,36,0
-1179,-1281,-730,-1051,-767,18,15,22,22,35,0
-1180,-1281,-730,-1051,-766,18,15,21,22,33,0
-1180,-1281,-730,-1051,-766,17,14,20,21,31,0
-1181,-1280,-730,-1051,-766,17,13,19,20,30,0
-1181,-1280,-730,-1051,-766,16,13,18,19,28,0
-1182,-1280,-730,-1052,-767,16,12,18,19,27,0
-1182,-1281,-730,-1052,-767,15,12,17,18,27,0
-1182,-1281,-730,-1053,-766,14,11,17,18,26,0
-1182,-1281,-731,-1053,-764,14,11,17,18,26,0
-1182,-1281,-731,-1053,-762,13,11,17,17,26,3
-1183,-1281,-732,-1053,-762,13,11,16,17,26,0
-1183,-1281,-732,-1054,-762,12,11,16,17,26,0
-1184,-1282,-733,-1055,-764,12,11,16,16,27,0
-1185,-1282,-734,-1056,-767,12,11,16,16,27,0
-1185,-1282,-735,-1057,-769,11,11,15,16,27,0
-1186,-1282,-735,-1057,-771,11,11,15,15,28,0
-1186,-1282,-736,-1056,-772,11,10,14,15,27,0
-1186,-1282,-736,-1056,-772,10,10,14,14,27,0
-1186,-1282,-737,-1056,-772,10,10,13,14,26,0
-1186,-1282,-738,-1057,-771,9,10,12,13,24,0
-1186,-1282,-738,-1058,-770,9,10,12,13,23,0
-1186,-1283,-739,-1058,-768,8,10,11,12,22,0
-1185,-1283,-740,-1059,-767,8,10,10,12,21,0
-1185,-1283,-740,-1060,-766,8,10,10,12,21,0
-1186,-1283,-740,-1061,-766,8,10,9,12,21,0
-1186,-1284,-740,-1061,-767,8,10,9,11,22,0
-1187,-1284,-740,-1062,-769,8,9,8,10,23,0
-1188,-1285,-740,-1063,-770,8,9,8,10,23,0
-1188,-1285,-740,-1063,-771,8,9,7,9,24,0
-1188,-1285,-740,-1063,-772,8,8,7,8,24,0
-1189,-1286,-741,-1063,-773,7,8,7,8,24,0
-1189,-1286,-742,-1063,-775,7,8,7,7,23,0
-1189,-1287,-742,-1064,-777,7,7,7,7,22,0
-1189,-1287,-743,-1065,-779,6,7,6,6,21,0
-1190,-1288,-743,-1066,-780,6,7,6,6,20,0
-1190,-1288,-743,-1067,-781,5,6,6,6,19,0
-1191,-1289,-743,-1067,-781,5,6,5,5,17,0
-1191,-1289,-743,-1067,-780,5,5,5,5,16,0
-1190,-1289,-743,-1066,-779,5,5,4,4,14,0
-1190,-1288,-742,-1065,-778,4,5,4,4,13,0
-1189,-1288,-742,-1064,-776,4,4,4,3,13,0
-1189,-1288,-742,-1064,-776,4,4,4,3,12,0
-1189,-1288,-742,-1064,-777,4,4,4,3,12,0
-1189,-1288,-742,-1065,-779,4,4,4,3,13,0
-1190,-1289,-743,-1067,-782,4,4,4,3,13,0
-1191,-1290,-744,-1068,-785,4,4,4,3,13,0
-1192,-1290,-745,-1069,-787,4,4,4,3,13,0
-1192,-1291,-746,-1070,-788,4,4,4,3,13,0
-1192,-1291,-747,-1070,-788,4,3,4,3,12,0
-1193,-1292,-748,-1070,-788,4,3,3,2,11,0
-1193,-1292,-749,-1070,-788,3,3,3,2,9,0
-1193,-1292,-749,-1070,-789,3,2,2,1,7,0
-1193,-1292,-749,-1071,-789,2,1,1,0,6,0
-1193,-1292,-749,-1071,-789,2,1,0,0,5,0
-1193,-1292,-748,-1071,-788,2,1,0,0,4,0
-1192,-1292,-747,-1071,-787,1,0,0,0,4,0
-1192,-1291,-746,-1070,-785,1,0,-1,0,3,0
-1192,-1290,-745,-1069,-784,1,0,-1,-1,4,0
-1191,-1289,-744,-1068,-783,1,0,-1,-1,4,0
-1191,-1289,-744,-1067,-782,1,0,0,-1,4,0
-1191,-1288,-743,-1066,-781,2,1,0,0,5,0
-1190,-1288,-743,-1066,-779,2,1,0,0,6,0
-1189,-1287,-742,-1065,-777,2,2,1,0,7,0
-1189,-1287,-742,-1064,-775,2,2,1,0,8,0
-1189,-1286,-742,-1064,-774,3,3,2,1,9,0
-1189,-1286,-742,-1064,-775,3,3,3,2,11,0
-1189,-1287,-743,-1064,-776,4,4,3,3,12,0
-1190,-1288,-743,-1064,-779,4,4,4,3,13,0
-1191,-1289,-744,-1064,-781,4,5,4,4,14,0
-1193,-1290,-744,-1065,-784,4,5,4,4,15,0
-1194,-1291,-744,-1065,-786,4,5,4,4,15,0
-1194,-1291,-744,-1065,-787,4,4,4,4,14,0
-1195,-1292,-745,-1065,-788,3,4,3,4,13,0
-1195,-1292,-745,-1065,-788,3,3,3,4,11,0
-1194,-1292,-745,-1066,-787,2,3,3,4,10,0
-1194,-1292,-746,-1066,-786,1,2,2,4,8,0
-1194,-1292,-746,-1066,-785,1,1,2,4,7,0
-1193,-1292,-747,-1067,-784,0,1,2,4,6,0
-1193,-1292,-747,-1067,-784,0,0,1,3,5,0
-1193,-1291,-747,-1068,-784,0,0,1,3,5,0
-1193,-1291,-747,-1068,-784,0,0,1,3,5,0
-1193,-1291,-747,-1068,-783,0,0,1,2,6,0
-1193,-1291,-747,-1068,-784,0,0,0,2,6,0
-1193,-1291,-748,-1068,-785,0,0,0,2,7,0
-1193,-1292,-748,-1068,-786,1,0,0,2,7,0
-1193,-1292,-749,-1069,-788,1,0,0,1,7,0
-1192,-1293,-749,-1069,-790,1,1,0,1,7,0
-1192,-1293,-748,-1070,-790,1,1,0,1,7,0
-1191,-1293,-747,-1070,-789,1,0,0,1,6,0
-1190,-1293,-747,-1070,-787,1,0,0,0,6,0
-1189,-1293,-746,-1070,-785,1,0,-1,0,5,0
-1189,-1293,-746,-1070,-785,2,0,0,0,4,0
-1189,-1293,-746,-1070,-785,2,0,0,0,4,0
-1190,-1293,-746,-1071,-785,3,0,0,0,4,0
-1190,-1293,-746,-1071,-786,3,0,0,0,4,0
-1190,-1292,-746,-1071,-786,4,0,0,0,5,0
-1190,-1292,-745,-1071,-786,4,0,0,0,5,0
-1190,-1291,-745,-1071,-786,4,0,0,0,6,0
-1190,-1291,-744,-1070,-785,4,0,1,-1,6,0
-1189,-1291,-743,-1069,-784,4,0,1,-1,6,0
-1189,-1291,-743,-1068,-782,4,0,1,-1,6,0
-1189,-1290,-742,-1068,-780,4,0,1,-1,7,0
-1190,-1290,-742,-1068,-779,4,0,2,-1,7,0
-1190,-1290,-743,-1068,-779,4,0,2,0,7,0
-1191,-1290,-743,-1069,-780,4,1,3,0,8,0
